page,text
1,"MUNICIPIOS MÁS VIOLENTOS DEL 20/SEP 
 
 
Homicidios Dolosos  
Entidad  
Municipio  
No de 
Muertos  Hombre  Mujer  
No 
Identificado  
Fuente  
Baja 
California 
(10)  
Tijuana  
1  
-  
-  
1  
El Mexicano  
Tijuana  
4  
4  
-  
-  
Uniradio Informa  
Tijuana  
2  
2  
-  
-  
Zeta Tijuana  
Tijuana  
1  
1  
-  
-  
Zeta Tijuana  
Tijuana  
1  
1  
-  
-  
Zeta Tijuana  
Tijuana  
1  
1  
-  
-  
Zeta Tijuana  
Chiapas  
(2)  
Berriozábal  
1  
-  
1  
-  
El Sol de Chiapas  
San Juan 
Cancuc  
1  
1  
-  
-  
Diario de Chiapas  
Chihuahua  
(15)  
Chihuahua  
1  
1  
-  
-  
El Puntero  
Chihuahua  
1  
1  
-  
-  
La Opción de Chihuahua  
Juárez  
2  
2  
-  
-  
El Diario de Chihuahua  
Ojinaga  
11  
-  
-  
11  
El Sol de Parral  
Ciudad de 
México  
(1)  
Iztapalapa  
1  
1  
-  
-  
Notigram  
Colima  
(2)  
Colima  
1  
1  
-  
-  
AFmedios  
Tecomán  
1  
1  
-  
-  
Meganoticias  
Durango  
(1)  
Lerdo  
1  
1  
-  
-  
El Sol de la Laguna  
Guanajuato  
(7)  
Celaya  
1  
1  
-  
-  
El Sol del Bajío  
Celaya  
1  
1  
-  
-  
El Sol del Bajío  
Celaya  
2  
1  
1  
-  
La Prensa  
Celaya  
1  
1  
-  
-  
Noticias del Estado de 
Guanajuato  
Cortazar  
1  
1  
-  
-  
AM  
León  
1  
-  
1  
-  
Milenio  
Guerrero  
(1)  
Acapulco de 
Juárez  
1  
1  
-  
-  
El Sol de Acapulco  
Hidalgo  
(2)  
Atitalaquia  
1  
1  
-  
-  
Milenio  
Ixmiquilpan  
1  
1  
-  
-  
El Sol de Hidalgo  
Jalisco  
(3)  
Guadalajara  
1  
-  
-  
1  
Jalisco Rojo Oficial  
San Pedro 
Tlaquepaque  
1  
1  
-  
-  
Guardia Nocturna  
San Pedro 
Tlaquepaque  
1  
1  
-  
-  
Guardia Nocturna  
"
2,"México  
(4)  
Tlalnepantla 
de Baz  
1  
1  
-  
-  
La Jornada  
Toluca  
3  
3  
-  
-  
El Sol de Toluca  
Michoacán 
de 
Ocampo  
(4)  
Morelia  
1  
1  
-  
-  
Noventa Grados  
Morelia  
1  
-  
1  
-  
Red 113  
Uruapan  
1  
1  
-  
-  
La Voz de Michoacán  
Zamora  
1  
1  
-  
-  
Red 113  
Morelos  
(2)  
Cuautla  
1  
1  
-  
-  
24 Morelos  
Cuernavaca  
1  
1  
-  
-  
El Sol de Chiapas  
Nuevo 
León  
(2)  
García  
1  
1  
-  
-  
El Porvenir  
Monterrey  
1  
1  
-  
-  
El Porvenir  
Puebla  
(5)  
Amozoc  
1  
1  
-  
-  
Periódico Central  
Huejotzingo  
1  
-  
1  
-  
Municipios Puebla  
Puebla  
2  
2  
-  
-  
Ambos Manos  
San Martín 
Texmelucan  
1  
-  
1  
-  
Puebla Roja  
Querétaro  
(2)  
Jalpan de 
Serra  
1  
1  
-  
-  
ADN Informativo  
Querétaro  
1  
1  
-  
-  
Diario de Querétaro  
Quintana 
Roo  
(3)  
Benito 
Juárez  
1  
-  
-  
1  
Desde El Balcón  
Tulum  
2  
2  
-  
-  
Novedades de Quintana 
Roo  
San Luis 
Potosí  
(2)  
Tamuín  
1  
1  
-  
-  
Pulso San Luis Potosí  
Tamuín  
1  
1  
-  
-  
Pulso San Luis Potosí  
Sinaloa  
(4)  
Culiacán  
1  
-  
-  
1  
Debate  
Culiacán  
1  
1  
-  
-  
Entre Veredas  
Culiacán  
1  
-  
1  
-  
Reflectores MX  
Sinaloa  
1  
1  
-  
-  
Café Negro Portal  
Sonora  
(5)  
Caborca  
3  
3  
-  
-  
Síntesis TV  
Nogales  
2  
-  
-  
2  
El Universal  
Tabasco  
(3)  
Cárdenas  
2  
2  
-  
-  
El Heraldo de Tabasco  
Nacajuca  
1  
1  
-  
-  
El Heraldo de Tabasco  
Tlaxcala  
(2)  
Huamantla  
1  
1  
-  
-  
El Imparcial  
Panotla  
1  
-  
-  
1  
Agencia Red Noticias  
Veracruz 
de Ignacio 
de la Llave  
(2)  
Atoyac  
1  
1  
-  
-  
Al Calor Político  
Santiago 
Sochiapan  
1  
1  
-  
-  
Diario del Istmo  
Zacatecas  
Loreto  
2  
-  
2  
-  
NTR Zacatecas  
"
3,"(2)  
Totales:  
86  
59  
9  
18  
 
 
"
1,"MUNICIPIOS MÁS VIOLENTOS DEL 21/SEP 
 
Homicidios Dolosos  
Entidad  
Municipio  
No de 
Muertos  Hombre  Mujer  
No 
Identificado  
Fuente  
Baja 
California 
(5)  
Mexicali  
2  
2  
-  
-  
Debate  
Tijuana  
1  
1  
-  
-  
PSN en Línea  
Tijuana  
1  
1  
-  
-  
Uniradio Informa  
Tijuana  
1  
-  
1  
-  
Uniradio Informa  
Chiapas 
 (4)  
Suchiate  
1  
-  
1  
-  
El Universal  
Tapachula  
1  
-  
-  
1  
Diario del Sur  
Tapachula  
2  
2  
-  
-  
El Orbe  
Chihuahua 
(4)  
Guachochi  
1  
1  
-  
-  
El Monitor  
Juárez  
1  
-  
1  
-  
El Universal  
Juárez  
1  
-  
1  
-  
El Universal  
Juárez  
1  
1  
-  
-  
Net Noticias  
Ciudad de 
México 
 (3)  
Azcapotzalco  
1  
1  
-  
-  
El Gráfico  
Cuauhtémoc  
1  
1  
-  
-  
El Gráfico  
Iztapalapa  
1  
1  
-  
-  
Milenio  
Guanajuato 
(10)  
Apaseo el Alto  
1  
1  
-  
-  
Noventa Grados  
Guanajuato  
1  
-  
1  
-  
El Universal  
León  
2  
2  
-  
-  
AM  
León  
1  
1  
-  
-  
AM  
León  
1  
1  
-  
-  
Zona Franca  
Salamanca  
1  
1  
-  
-  
AM  
San José 
Iturbide  
1  
1  
-  
-  
Periódico Correo  
Santa Cruz de 
Juventino 
Rosas  
2  
2  
-  
-  
AM  
Guerrero 
(4)  
Acapulco de 
Juárez  
1  
1  
-  
-  
Sur Acapulco  
Chilpancingo 
de los Bravo  
1  
1  
-  
-  
Sur Acapulco  
Xalpatláhuac  
2  
2  
-  
-  
Quadratín  
Jalisco 
 (3)  
Tamazula de 
Gordiano  
1  
-  
1  
-  
Telediario  
Teocaltiche  
2  
2  
-  
-  
Informador  
México 
Coyotepec  
2  
2  
-  
-  
El Informante  
"
2," (7)  
Jiquipilco  
1  
-  
1  
-  
Diario de Chiapas  
Naucalpan de 
Juárez  
1  
1  
-  
-  
DigitalMex  
Naucalpan de 
Juárez  
1  
1  
-  
-  
Milenio  
Ocoyoacac  
1  
1  
-  
-  
El Gráfico  
Texcoco  
1  
1  
-  
-  
DigitalMex  
Michoacán 
de 
Ocampo 
(2)  
Morelia  
1  
1  
-  
-  
Noventa Grados  
Morelia  
1  
1  
-  
-  
Quadratín  
Morelos 
 (1)  
Xochitepec  
1  
1  
-  
-  
Diario de Morelos  
Nuevo 
León 
 (2)  
General 
Escobedo  
1  
1  
-  
-  
Milenio  
Montemorelos  
1  
1  
-  
-  
Milenio  
Oaxaca 
 (3)  
Heroica 
Ciudad de 
Ejutla de 
Crespo  
2  
-  
2  
-  
Imparcial de 
Oaxaca  
Santiago 
Ixtayutla  
1  
1  
-  
-  
El Piñero de la 
Cuenca  
Puebla  
(7)  
Jalpan  
1  
1  
-  
-  
Diario Puntual  
Puebla  
3  
-  
-  
3  
Parabólica  
Puebla  
3  
-  
-  
3  
Parabólica  
San Luis 
Potosí 
 (2)  
San Luis 
Potosí  
2  
1  
1  
-  
Pulso San Luis 
Potosí  
Sinaloa  
(10)  
Culiacán  
2  
2  
-  
-  
La Silla Rota  
Culiacán  
5  
5  
-  
-  
Línea Directa  
Culiacán  
1  
1  
-  
-  
Los Noticieristas  
Culiacán  
1  
1  
-  
-  
Quadratín  
Navolato  
1  
1  
-  
-  
Café Negro Portal  
Sonora 
 (1)  
Cajeme  
1  
1  
-  
-  
Medios Obson  
Veracruz 
de Ignacio 
de la Llave 
(2)  
Río Blanco  
2  
1  
1  
-  
El Piñero de la 
Cuenca  
Villanueva  
1  
1  
-  
-  
NTR Zacatecas  
"
3,"Zacatecas 
(3)  
Zacatecas  
2  
2  
-  
-  
NTR Zacatecas  
Totales:  
73  
55  
11  
7  
 
 
"
1,"MUNICIPIOS MÁS VIOLENTOS DEL 22/SEP 
 
Homicidios Dolosos  
Entidad  
Municipio  
No de 
Muertos  Hombre  Mujer  
No 
Identificado  
Fuente  
Baja 
California 
(6)  
Mexicali  
1  
1  
-  
-  
La Voz de la Frontera  
Tijuana  
1  
1  
-  
-  
Uniradio Informa  
Tijuana  
1  
1  
-  
-  
Uniradio Informa  
Tijuana  
1  
1  
-  
-  
Uniradio Informa  
Tijuana  
1  
1  
-  
-  
Uniradio Informa  
Tijuana  
1  
1  
-  
-  
Uniradio Informa  
Baja 
California 
Sur (1)  
La Paz  
1  
1  
-  
-  
El Universal  
Chiapas  
(4)  
Villaflores  
4  
4  
-  
-  
El Heraldo de Chiapas  
Chihuahua 
(4)  
Jiménez  
3  
2  
1  
-  
El Sol de México  
Juárez  
1  
1  
-  
-  
Net Noticias  
Coahuila 
de 
Zaragoza 
(1)  
San Juan de 
Sabinas  
1  
1  
-  
-  
La Prensa de Coahuila  
Colima 
 (1)  
Colima  
1  
1  
-  
-  
Colima Noticias  
Guanajuato 
(17)  
Celaya  
4  
3  
1  
-  
Periódico Correo  
León  
2  
2  
-  
-  
AM  
León  
1  
1  
-  
-  
AM  
León  
1  
1  
-  
-  
AM  
Pénjamo  
1  
1  
-  
-  
AM  
Salamanca  
1  
1  
-  
-  
Periódico Correo  
Salvatierra  
1  
1  
-  
-  
Reporte Directo  
Silao de la 
Victoria  
1  
1  
-  
-  
AM  
Tarimoro  
1  
1  
-  
-  
AM  
Valle de 
Santiago  
2  
2  
-  
-  
AM  
Valle de 
Santiago  
1  
1  
-  
-  
AM  
Valle de 
Santiago  
1  
1  
-  
-  
Periódico Correo  
Guerrero  
(1)  
Atoyac de 
Álvarez  
1  
1  
-  
-  
Sur Acapulco  
"
2,"Michoacán 
de 
Ocampo 
(4)  
Morelia  
1  
-  
1  
-  
El Sol de Morelia  
Morelia  
1  
1  
-  
-  
La Voz de Michoacán  
Morelia  
1  
1  
-  
-  
Noventa Grados  
Morelia  
1  
1  
-  
-  
Noventa Grados  
Nuevo 
León  
(2)  
Juárez  
1  
1  
-  
-  
El Porvenir  
Monterrey  
1  
1  
-  
-  
Telediario  
Puebla  
(6)  
Cuautinchán  
1  
1  
-  
-  
Puebla en Línea  
Puebla  
3  
3  
-  
-  
Milenio  
Puebla  
2  
2  
-  
-  
Puebla en Línea  
Quintana 
Roo  
(1)  
Benito Juárez  
1  
1  
-  
-  
Facebook  
Sinaloa 
 (1)  
Culiacán  
1  
1  
-  
-  
Línea Directa  
Sonora  
(2)  
Santa Ana  
2  
2  
-  
-  
La Verdad Sonora  
Tabasco 
 (1)  
Cárdenas  
1  
1  
-  
-  
El Heraldo de Tabasco  
Tlaxcala 
 (2)  
Natívitas  
1  
1  
-  
-  
Gentlx  
San Pablo del 
Monte  
1  
1  
-  
-  
Gentlx  
Veracruz 
de Ignacio 
de la Llave 
(2)  
Las Vigas de 
Ramírez  
1  
1  
-  
-  
Veracruz Noticias  
Río Blanco  
1  
1  
-  
-  
Veracruz Noticias  
Zacatecas 
(1)  
Guadalupe  
1  
1  
-  
-  
NTR Zacatecas  
Totales:  
57  
54  
3  
0  
 
 
"
1,"MUNICIPIOS MÁS VIOLENTOS DEL 23/SEP 
 
Homicidios Dolosos  
Entidad  
Municipio  
No de 
Muertos  Hombre  Mujer  
No 
Identificado  
Fuente  
Baja 
California 
(7)  
Mexicali  
1  
1  
-  
-  
La Voz de la Frontera  
Mexicali  
1  
-  
-  
1  
La Voz de la Frontera  
Tijuana  
1  
1  
-  
-  
El Mexicano  
Tijuana  
1  
1  
-  
-  
El Mexicano  
Tijuana  
1  
-  
-  
1  
La Voz de la Frontera  
Tijuana  
1  
1  
-  
-  
Síntesis  
Tijuana  
1  
1  
-  
-  
Zeta Tijuana  
Chiapas  
(1)  
Teopisca  
1  
1  
-  
-  
El Heraldo de Chiapas  
Chihuahua 
(6)  
Bachíniva  
1  
1  
-  
-  
Código 13  
Chihuahua  
1  
1  
-  
-  
La Opción  
Chihuahua  
1  
1  
-  
-  
La Opción de Chihuahua  
Cuauhtémoc  
1  
1  
-  
-  
El Diario de Chihuahua  
Juárez  
1  
1  
-  
-  
El Diario de Chihuahua  
Juárez  
1  
1  
-  
-  
La Opción de Chihuahua  
Ciudad de 
México  
(2)  
Gustavo A. 
Madero  
1  
-  
1  
-  
Reforma  
Tlalpan  
1  
-  
-  
1  
TV Azteca  
Guanajuato 
(3)  
León  
1  
1  
-  
-  
El Sol de León  
León  
1  
1  
-  
-  
Periódico Correo  
San Miguel de 
Allende  
1  
-  
1  
-  
Periódico Correo  
Guerrero 
(5)  
Acapulco de 
Juárez  
1  
1  
-  
-  
El Sol de Acapulco  
Acapulco de 
Juárez  
1  
1  
-  
-  
El Sur  
Acapulco de 
Juárez  
1  
1  
-  
-  
Quadratín  
Eduardo Neri  
1  
1  
-  
-  
Quadratín Guerrero  
Petatlán  
1  
1  
-  
-  
Quadratín Guerrero  
Hidalgo  
(2)  
Tepeji del Río 
de Ocampo  
2  
2  
-  
-  
Criterio Hidalgo  
Jalisco  
(5)  
El Salto  
1  
1  
-  
-  
Guardia Nocturna  
Guadalajara  
2  
-  
-  
2  
Guardia Nocturna  
Guadalajara  
1  
1  
-  
-  
Guardia Nocturna  
Tonalá  
1  
1  
-  
-  
Guardia Nocturna  
"
2,"México  
(2)  
Naucalpan de 
Juárez  
1  
1  
-  
-  
De Peso  
Toluca  
1  
-  
1  
-  
El Sol de Toluca  
Michoacán 
de 
Ocampo 
(3)  
Morelia  
1  
1  
-  
-  
La Voz de Michoacán  
Morelia  
2  
-  
-  
2  
Noventa Grados  
Morelos 
(10)  
Atlatlahucan  
1  
1  
-  
-  
Diario de Morelos  
Cuautla  
1  
1  
-  
-  
TV Azteca  
Emiliano 
Zapata  
1  
1  
-  
-  
Central de Noticias  
Emiliano 
Zapata  
1  
1  
-  
-  
La Unión de Morelos  
Jojutla  
2  
2  
-  
-  
La Unión de Morelos  
Temixco  
1  
1  
-  
-  
Diario de Morelos  
Temoac  
1  
-  
1  
-  
El Sol de Cuautla  
Tlaquiltenango  
1  
1  
-  
-  
Diario de Morelos  
Yautepec  
1  
1  
-  
-  
La Unión de Morelos  
Nuevo 
León  
(6)  
China  
3  
-  
-  
3  
El Porvenir  
García  
1  
-  
1  
-  
El Porvenir  
General 
Escobedo  
2  
-  
1  
1  
El Porvenir  
Oaxaca  
(4)  
Salina Cruz  
1  
1  
-  
-  
La Onda Oaxaca  
San Felipe 
Usila  
1  
1  
-  
-  
El Piñero de la Cuenca  
Santiago 
Pinotepa 
Nacional  
1  
1  
-  
-  
Imparcial de Oaxaca  
Santo 
Domingo 
Tehuantepec  
1  
1  
-  
-  
ADN Sureste  
Puebla  
(7)  
Atoyatempan  
1  
-  
-  
1  
Periódico Central  
Hueytamalco  
1  
1  
-  
-  
Municipios  
Oriental  
2  
2  
-  
-  
Puebla Roja  
Puebla  
1  
1  
-  
-  
Periódico Central  
Puebla  
1  
1  
-  
-  
Reto Diario  
Vicente 
Guerrero  
1  
1  
-  
-  
Urbano Puebla  
Quintana 
Roo  
(3)  
Benito Juárez  
1  
1  
-  
-  
Noticaribe  
Benito Juárez  
1  
1  
-  
-  
Noticaribe  
Tulum  
1  
1  
-  
-  
Noticaribe  
"
3,"San Luis 
Potosí  
(1)  
San Luis Potosí  
1  
-  
1  
-  
Pulso San Luis Potosí  
Sinaloa  
(4)  
Culiacán  
1  
1  
-  
-  
Café Negro Portal  
Culiacán  
1  
1  
-  
-  
El Siglo de Torreón  
Culiacán  
1  
1  
-  
-  
Noreste  
Mazatlán  
1  
1  
-  
-  
El Sol de Mazatlán  
Sonora  
(6)  
Hermosillo  
1  
1  
-  
-  
El Sol de Hermosillo  
Hermosillo  
3  
3  
-  
-  
Uniradio Informa  
San Luis Río 
Colorado  
1  
1  
-  
-  
Tribuna de San Luis  
San Luis Río 
Colorado  
1  
1  
-  
-  
Tribuna de San Luis  
Tabasco  
(3)  
Centro  
1  
-  
1  
-  
El Heraldo de Tabasco  
Centro  
1  
-  
1  
-  
Tabasco Hoy  
Nacajuca  
1  
1  
-  
-  
Tabasco Hoy  
Tamaulipas 
(1)  
Río Bravo  
1  
-  
-  
1  
La Silla Rota  
Tlaxcala  
(1)  
Ixtacuixtla de 
Mariano 
Matamoros  
1  
-  
1  
-  
Urbano Puebla  
Veracruz 
de Ignacio 
de la Llave 
(3)  
Coatzacoalcos  
2  
2  
-  
-  
XEU Noticias  
Tuxpan  
1  
1  
-  
-  
El Piñero de la Cuenca  
Totales:  
85  
62  
10  
13  
 
 
"
1,"MUNICIPIOS MÁS VIOLENTOS DEL 24/SEP 
 
Homicidios Dolosos  
Entidad  
Municipio  
No de 
Muertos  Hombre  Mujer  
No 
Identificado  
Fuente  
Baja 
California 
(7)  
Tijuana  
1  
-  
-  
1  
El Mexicano  
Tijuana  
1  
1  
-  
-  
El Mexicano  
Tijuana  
1  
1  
-  
-  
Uniradio Informa  
Tijuana  
1  
1  
-  
-  
Uniradio Informa  
Tijuana  
1  
1  
-  
-  
Uniradio Informa  
Tijuana  
1  
1  
-  
-  
Uniradio Informa  
Tijuana  
1  
1  
-  
-  
Uniradio Informa  
Chiapas 
(1)  
Suchiate  
1  
1  
-  
-  
Diario de Chiapas  
Chihuahua 
(1)  
Juárez  
1  
1  
-  
-  
La Opción de Chihuahua  
Ciudad de 
México  
(2)  
Tlalpan  
1  
1  
-  
-  
La Prensa  
Venustiano 
Carranza  
1  
1  
-  
-  
Tribuna  
Coahuila 
de 
Zaragoza 
(1)  
Torreón  
1  
1  
-  
-  
Radio Zócalo  
Colima  
(3)  
Colima  
2  
2  
-  
-  
Colima Noticias  
Colima  
1  
1  
-  
-  
Diario de Colima  
Durango  
(1)  
Durango  
1  
-  
1  
-  
Viva La Noticia  
Guanajuato 
(17)  
Celaya  
1  
1  
-  
-  
Periódico Correo  
Guanajuato  
1  
1  
-  
-  
Periódico Correo  
León  
1  
1  
-  
-  
El Sol de León  
León  
1  
1  
-  
-  
Noticias Vespertinas  
León  
1  
1  
-  
-  
Periódico Correo  
León  
10  
-  
-  
10  
Periódico Correo  
Salamanca  
1  
-  
1  
-  
El Sol de Salamanca  
San Luis de la 
Paz  
1  
-  
-  
1  
Periódico Correo  
Guerrero  
(1)  
Acapulco de 
Juárez  
1  
1  
-  
-  
Sur Acapulco  
Hidalgo  
(5)  
Metepec  
1  
1  
-  
-  
Plaza Juárez  
Mineral de la 
Reforma  
1  
-  
1  
-  
El Sol de Hidalgo  
"
2,"Mineral del 
Monte  
1  
1  
-  
-  
Plaza Juárez  
Tepeji del Río 
de Ocampo  
1  
1  
-  
-  
El Sol de Hidalgo  
Tula de 
Allende  
1  
1  
-  
-  
Plaza Juárez  
Jalisco  
(3)  
Guadalajara  
1  
1  
-  
-  
Guardia Nocturna  
Zapopan  
2  
-  
-  
2  
Telediario  
México  
(4)  
Coacalco de 
Berriozábal  
1  
-  
-  
1  
Reforma  
Tenancingo  
1  
1  
-  
-  
A Fondo Estado de México  
Villa del 
Carbón  
1  
-  
1  
-  
La Prensa  
Zinacantepec  
1  
1  
-  
-  
El Sol de Toluca  
Michoacán 
de 
Ocampo  
(1)  
Morelia  
1  
1  
-  
-  
Changoonga  
Morelos  
(5)  
Cuernavaca  
2  
2  
-  
-  
Diario de Morelos  
Cuernavaca  
1  
1  
-  
-  
Morelos News  
Xochitepec  
1  
1  
-  
-  
La Unión de Morelos  
Zacatepec  
1  
1  
-  
-  
24 Morelos  
Nayarit  
(1)  
Tepic  
1  
1  
-  
-  
NTV  
Nuevo 
León  
(1)  
Santa 
Catarina  
1  
1  
-  
-  
Telediario  
Oaxaca  
(5)  
Juchitán de 
Zaragoza  
2  
-  
-  
2  
Contrapropuesta  
Juchitán de 
Zaragoza  
2  
1  
1  
-  
El Imparcial Oaxaca  
Juchitán de 
Zaragoza  
1  
-  
1  
-  
El Imparcial Oaxaca  
Puebla  
(2)  
Huejotzingo  
1  
-  
-  
1  
Cinco Radio  
Tehuacán  
1  
1  
-  
-  
Urbano Puebla  
Quintana 
Roo  
(1)  
Benito 
Juárez  
1  
-  
1  
-  
Marcrix Noticias  
Sinaloa  
(5)  
Culiacán  
1  
1  
-  
-  
Café Negro Portal  
Culiacán  
1  
1  
-  
-  
EL Sol de Sinaloa  
Elota  
1  
1  
-  
-  
EL Sol de Sinaloa  
Navolato  
2  
2  
-  
-  
EL Sol de Sinaloa  
Sonora  
Cajeme  
1  
1  
-  
-  
Entorno Informativo  
"
3,"(3)  
San Luis Río 
Colorado  
2  
2  
-  
-  
Entorno Informativo  
Tamaulipas 
(1)  
Altamira  
1  
-  
1  
-  
Telemar Campeche  
Veracruz 
de Ignacio 
de la Llave 
(3)  
Poza Rica de 
Hidalgo  
1  
1  
-  
-  
El Piñero de la Cuenca  
San Juan 
Evangelista  
2  
2  
-  
-  
La Jornada  
Totales:  
74  
48  
8  
18  
 
 
"
1,"MUNICIPIOS MÁS VIOLENTOS DEL 25/SEP 
 
Homicidios Dolosos  
Entidad  
Municipio  
No de 
Muertos  Hombre  Mujer  
No 
Identificado  
Fuente  
Aguascalientes 
(1)  
Tepezalá  
1  
1  
-  
-  
El Circo 
Aguascalientes  
Baja California 
(8)  
Mexicali  
1  
1  
-  
-  
La Voz de la 
Frontera  
Tijuana  
1  
1  
-  
-  
Alfredoalvarez.mx  
Tijuana  
3  
-  
-  
3  
El Mexicano  
Tijuana  
1  
-  
-  
1  
El Sol de Tijuana  
Tijuana  
1  
1  
-  
-  
El Sol de Tijuana  
Tijuana  
1  
1  
-  
-  
El Sol de Tijuana  
Campeche  
(2)  
Carmen  
2  
2  
-  
-  
Por Esto!  
Chiapas  
(4)  
Tapachula  
2  
2  
-  
-  
Diario del Sur  
Villa Corzo  
2  
2  
-  
-  
El Heraldo  
Chihuahua  
(1)  
Chihuahua  
1  
-  
1  
-  
AR Noticias  
Ciudad de 
México  
(3)  
Gustavo A. 
Madero  
3  
-  
3  
-  
El Gráfico  
Colima 
 (1)  
Colima  
1  
1  
-  
-  
Colima Noticias  
Guanajuato  
(7)  
Celaya  
1  
1  
-  
-  
Celaya News  
Celaya  
1  
1  
-  
-  
Noventa Grados  
Celaya  
1  
-  
1  
-  
Noventa Grados  
León  
1  
1  
-  
-  
AM  
León  
1  
1  
-  
-  
El Heraldo de San 
Luis Potosí  
Purísima del 
Rincón  
1  
1  
-  
-  
El Sol de León  
Valle de 
Santiago  
1  
1  
-  
-  
El Sol de 
Salamanca  
Guerrero  
(2)  
Acapulco de 
Juárez  
1  
1  
-  
-  
Quadratín 
Guerrero  
Chilpancingo 
de los Bravo  
1  
-  
1  
-  
Agencia de 
Noticias Guerrero  
Jalisco 
 (6)  
Guadalajara  
1  
1  
-  
-  
Guardia 
Nocturna  
San Pedro 
Tlaquepaque  
3  
2  
1  
-  
Guardia 
Nocturna  
"
2,"Tlajomulco de 
Zúñiga  
1  
1  
-  
-  
Guardia 
Nocturna  
Zapopan  
1  
1  
-  
-  
Jalisco Rojo 
Oficial  
México (9)  
Almoloya del 
Río  
1  
1  
-  
-  
La Prensa  
Coacalco de 
Berriozábal  
1  
-  
1  
-  
La Prensa  
Ecatepec de 
Morelos  
1  
-  
-  
1  
Reforma  
Ecatepec de 
Morelos  
1  
1  
-  
-  
Reporteros en 
Movimiento  
Naucalpan de 
Juárez  
1  
1  
-  
-  
La Jornada  
Tecámac  
1  
1  
-  
-  
Milenio  
Tenango del 
Valle  
2  
1  
-  
1  
Tres PM Noticias  
Toluca  
1  
1  
-  
-  
El Sol de Toluca  
Michoacán de 
Ocampo 
 (4)  
Apatzingán  
2  
2  
-  
-  
La Voz de 
Michoacán  
Erongarícuaro  
1  
1  
-  
-  
La Voz de 
Michoacán  
Uruapan  
1  
1  
-  
-  
La Voz de 
Michoacán  
Morelos 
 (2)  
Cuernavaca  
1  
1  
-  
-  
Central de 
Noticias  
Jiutepec  
1  
1  
-  
-  
Reporte Morelos  
Nuevo León 
 (12)  
Apodaca  
1  
-  
-  
1  
El Porvenir  
Los Ramones  
11  
11  
-  
-  
Posta  
Oaxaca 
 (7)  
Heroica Villa de 
San Blas 
Atempa  
2  
2  
-  
-  
NVI Noticias  
Matías Romero 
Avendaño  
1  
1  
-  
-  
El Imparcial  
San Francisco 
Ixhuatán  
2  
2  
-  
-  
Cuarta Plana  
Santa Cruz 
Xoxocotlán  
1  
1  
-  
-  
Cuarta Plana  
Tlacolula de 
Matamoros  
1  
1  
-  
-  
El Imparcial  
Puebla  
(4)  
Ahuazotepec  
3  
3  
-  
-  
Milenio  
Tepatlaxco de 
Hidalgo  
1  
1  
-  
-  
Twitter  
"
3,"Sinaloa  
(3)  
Culiacán  
2  
2  
-  
-  
Noroeste  
Culiacán  
1  
1  
-  
-  
Río Doce  
Sonora 
 (1)  
Hermosillo  
1  
1  
-  
-  
Medios Obson  
Tabasco 
 (2)  
Centro  
1  
1  
-  
-  
XEVT  
Comalcalco  
1  
-  
-  
1  
El Heraldo de 
Tabasco  
Tamaulipas  
(3)  
Matamoros  
1  
1  
-  
-  
Hoy Tamaulipas  
Reynosa  
1  
1  
-  
-  
Vox Populi 
Noticias  
Victoria  
1  
1  
-  
-  
Hoy Tamaulipas  
Veracruz de 
Ignacio de la 
Llave 
 (1)  
Cuitláhuac  
1  
1  
-  
-  
Al Calor Político  
Zacatecas  
(5)  
Loreto  
2  
-  
2  
-  
NTR Zacatecas  
Zacatecas  
3  
-  
3  
-  
NTR Zacatecas  
Totales:  
88  
67  
13  
8  
 
 
 
"
1,"MUNICIPIOS MÁS VIOLENTOS DEL 26/SEP 
  
Homicidios Dolosos  
Entidad  
Municipio  
No de 
Muertos  Hombre  Mujer  
No 
Identificado  
Fuente  
Aguascalientes 
(1)  
El Llano  
1  
1  
-  
-  
El Sol del Centro  
Baja California 
(3)  
Ensenada  
1  
-  
-  
1  
Zeta Tijuana  
Tijuana  
1  
-  
1  
-  
Uniradio Informa  
Tijuana  
1  
1  
-  
-  
Uniradio Informa  
Chihuahua 
 (9)  
Cuauhtémoc  
1  
-  
1  
-  
El heraldo de 
Chihuahua  
Cuauhtémoc  
2  
2  
-  
-  
La Polaka  
Guadalupe y 
Calvo  
1  
1  
-  
-  
El Diario de 
Chihuahua  
Juárez  
1  
1  
-  
-  
El Heraldo de Juárez  
Juárez  
1  
-  
1  
-  
La Polaka  
Juárez  
1  
1  
-  
-  
La Polaka  
Juárez  
1  
1  
-  
-  
La Polaka  
Juárez  
1  
1  
-  
-  
La Polaka  
Colima  
(4)  
Colima  
1  
1  
-  
-  
Colima Noticias  
Colima  
1  
1  
-  
-  
Colima Noticias  
Comala  
1  
1  
-  
-  
Diario de Colima  
Manzanillo  
1  
1  
-  
-  
Diario de Colima  
Durango  
(2)  
Durango  
2  
-  
-  
2  
El Siglo de Durango  
Guanajuato 
(11)  
Apaseo el 
Grande  
1  
1  
-  
-  
El Sol del Bajío  
Dolores 
Hidalgo Cuna 
de la 
Independencia 
Nacional  
1  
1  
-  
-  
Periódico Correo  
Irapuato  
1  
-  
-  
1  
Guanajuato Informa  
Jaral del 
Progreso  
2  
2  
-  
-  
El Sol de Salamanca  
León  
1  
1  
-  
-  
El Sol de León  
Salamanca  
1  
1  
-  
-  
Periódico Correo  
Salamanca  
1  
1  
-  
-  
Periódico Correo  
Salvatierra  
1  
1  
-  
-  
Periódico Correo  
Villagrán  
1  
-  
1  
-  
El Sol del Bajío  
Yuriria  
1  
1  
-  
-  
AM  
"
2,"Guerrero  
(1)  
Iguala de la 
Independencia  
1  
-  
1  
-  
Quadratín Guerrero  
Jalisco  
(5)  
San Pedro 
Tlaquepaque  
1  
1  
-  
-  
Guardia Nocturna  
San Pedro 
Tlaquepaque  
2  
1  
1  
-  
Guardia Nocturna  
San Pedro 
Tlaquepaque  
2  
2  
-  
-  
Guardia Nocturna  
México  
(3)  
Chimalhuacán  
1  
-  
1  
-  
Noventa Grados  
Tlalnepantla 
de Baz  
1  
1  
-  
-  
La Prensa  
Toluca  
1  
1  
-  
-  
La Prensa  
Morelos  
(2)  
Jiutepec  
1  
1  
-  
-  
La Unión de Morelos  
Yautepec  
1  
1  
-  
-  
Línea Caliente 
Noticias  
Nuevo León  
(3)  
Santa Catarina  
2  
-  
2  
-  
Milenio  
Santiago  
1  
-  
-  
1  
Twitter  
Oaxaca  
(2)  
San José 
Chiltepec  
1  
-  
-  
1  
El Piñero de la 
Cuenca  
Tlacolula de 
Matamoros  
1  
1  
-  
-  
Quadratín Oaxaca  
Puebla  
(2)  
Chignahuapan  
2  
2  
-  
-  
La Jornada de 
Oriente  
Quintana Roo 
(2)  
Benito Juárez  
1  
-  
-  
1  
Noticaribe  
Benito Juárez  
1  
1  
-  
-  
Sipse  
San Luis Potosí 
(1)  
Matehuala  
1  
1  
-  
-  
Pulso San Luis Potosí  
Sinaloa  
(14)  
Concordia  
9  
9  
-  
-  
El Universal  
Culiacán  
3  
-  
-  
3  
Luz Noticias  
Culiacán  
1  
1  
-  
-  
Luz Noticias  
Culiacán  
1  
1  
-  
-  
Luz Noticias  
Sonora  
(8)  
Cajeme  
1  
1  
-  
-  
Medios Obson  
Cajeme  
1  
1  
-  
-  
Tribuna  
Hermosillo  
2  
2  
-  
-  
El Sol de Hermosillo  
Hermosillo  
1  
-  
-  
1  
El Sol de Hermosillo  
Hermosillo  
2  
-  
2  
-  
Uniradio Informa  
Nogales  
1  
-  
1  
-  
El Sol de Hermosillo  
Tabasco  
(2)  
Cárdenas  
1  
1  
-  
-  
El Heraldo de 
Tabasco  
Nacajuca  
1  
-  
-  
1  
El Heraldo de 
Tabasco  
"
3,"Veracruz de 
Ignacio de la 
Llave  
(2)  
Gutiérrez 
Zamora  
1  
1  
-  
-  
El Piñero de la 
Cuenca  
Jáltipan  
1  
-  
-  
1  
Diario del Istmo  
Zacatecas  
(3)  
Villanueva  
3  
3  
-  
-  
NTR Zacatecas  
Totales:  
80  
55  
12  
13  
 
 
"
1,"MUNICIPIOS MÁS VIOLENTOS DEL 27/SEP 
 
 
Homicidios Dolosos  
Entidad  
Municipio  
No de 
Muertos  Hombre  Mujer  
No 
Identificado  
Fuente  
Aguascalientes 
(1)  
Aguascalientes  
1  
1  
-  
-  
El Sol del Centro  
Baja California 
(7)  
Mexicali  
1  
1  
-  
-  
La Voz de la Frontera  
Mexicali  
1  
1  
-  
-  
La Voz de la Frontera  
Mexicali  
1  
1  
-  
-  
La Voz de la Frontera  
Mexicali  
1  
1  
-  
-  
La Voz de la Frontera  
Tijuana  
1  
1  
-  
-  
Uniradio Informa  
Tijuana  
1  
-  
-  
1  
Uniradio Informa  
Tijuana  
1  
-  
-  
1  
Uniradio Informa  
Chiapas  
(2)  
San Cristóbal 
de las Casas  
1  
1  
-  
-  
El Heraldo de 
Chiapas  
Tapachula  
1  
1  
-  
-  
El Heraldo de 
Chiapas  
Chihuahua  
(2)  
Guachochi  
1  
1  
-  
-  
El Diario de 
Chihuahua  
Juárez  
1  
1  
-  
-  
El Diario  
Ciudad de 
México  
(1)  
Gustavo A. 
Madero  
1  
-  
1  
-  
El Heraldo de México  
Coahuila de 
Zaragoza  
(1)  
Acuña  
1  
1  
-  
-  
La Voz  
Colima  
(2)  
Comala  
1  
1  
-  
-  
AFmedios  
Villa de Álvarez  
1  
1  
-  
-  
AFmedios  
Guanajuato  
(9)  
Celaya  
1  
1  
-  
-  
Noventa Grados  
Irapuato  
1  
-  
-  
1  
Periódico Correo  
Irapuato  
1  
1  
-  
-  
Periódico Correo  
León  
1  
-  
1  
-  
La Silla Rota  
León  
2  
2  
-  
-  
N+  
San Luis de la 
Paz  
1  
1  
-  
-  
Periódico Acento 21  
Santa Cruz de 
Juventino 
Rosas  
1  
1  
-  
-  
Periódico Correo  
Valle de 
Santiago  
1  
1  
-  
-  
El Sol de Salamanca  
"
2,"Hidalgo  
(1)  
Pachuca de 
Soto  
1  
1  
-  
-  
Crónica de Hoy 
Hidalgo  
Jalisco  
(6)  
Guadalajara  
1  
-  
-  
1  
Guardia Nocturna  
Guadalajara  
1  
1  
-  
-  
Guardia Nocturna  
Guadalajara  
1  
1  
-  
-  
Guardia Nocturna  
Guadalajara  
1  
-  
-  
1  
Guardia Nocturna  
Tlajomulco de 
Zúñiga  
1  
1  
-  
-  
Guardia Nocturna  
Tlajomulco de 
Zúñiga  
1  
-  
1  
-  
Guardia Nocturna  
México  
(9)  
Chalco  
1  
1  
-  
-  
La Prensa  
Naucalpan de 
Juárez  
1  
-  
-  
1  
Jorge Becerril  
Nicolás 
Romero  
2  
1  
1  
-  
Escuadrón Tv  
Nicolás 
Romero  
2  
2  
-  
-  
La Prensa  
Tenango del 
Valle  
2  
1  
1  
-  
Tres PM Noticias  
Toluca  
1  
1  
-  
-  
Debate  
Morelos  
(2)  
Cuautla  
1  
1  
-  
-  
La Unión  
Tepoztlán  
1  
1  
-  
-  
La Unión  
Nuevo León  
(6)  
Apodaca  
1  
1  
-  
-  
El Porvenir  
Apodaca  
1  
-  
1  
-  
Milenio  
Apodaca  
1  
-  
1  
-  
Tribuna  
García  
2  
1  
1  
-  
Telediario  
Mina  
1  
1  
-  
-  
Milenio  
Oaxaca  
(2)  
Heroica 
Ciudad de 
Huajuapan de 
León  
1  
1  
-  
-  
El Piñero de la 
Cuenca  
Juchitán de 
Zaragoza  
1  
1  
-  
-  
El Imparcial  
Puebla  
(2)  
San Miguel 
Xoxtla  
1  
1  
-  
-  
Periódico Central  
Teopantlán  
1  
1  
-  
-  
Municipios  
Quintana Roo 
(3)  
Benito Juárez  
1  
1  
-  
-  
Saber Político  
Benito Juárez  
1  
1  
-  
-  
Sipse  
Solidaridad  
1  
1  
-  
-  
De Peso  
San Luis Potosí 
(1)  
San Luis Potosí  
1  
1  
-  
-  
Tribuna de San Luis  
Sinaloa  
Concordia  
2  
2  
-  
-  
Café Negro Portal  
"
3,"(8)  
Culiacán  
1  
1  
-  
-  
Café Negro Portal  
Culiacán  
1  
1  
-  
-  
Los Noticieristas  
Culiacán  
1  
1  
-  
-  
Luz Noticias  
Mazatlán  
2  
2  
-  
-  
Luz Noticias  
Mocorito  
1  
1  
-  
-  
Sátelite Online  
Sonora  
(2)  
Hermosillo  
1  
1  
-  
-  
Uniradio Informa  
San Luis Río 
Colorado  
1  
1  
-  
-  
Tribuna de San Luis  
Tamaulipas  
(1)  
Reynosa  
1  
1  
-  
-  
El Mañana  
Veracruz de 
Ignacio de la 
Llave  
(6)  
Carrillo Puerto  
1  
1  
-  
-  
Imagen del Golfo  
Coatzacoalcos  
1  
1  
-  
-  
El Piñero de la 
Cuenca  
Coatzacoalcos  
1  
1  
-  
-  
El Piñero de la 
Cuenca  
Ixhuatlán del 
Sureste  
1  
1  
-  
-  
El Piñero de la 
Cuenca  
Jáltipan  
1  
1  
-  
-  
AV Veracruz  
Minatitlán  
1  
1  
-  
-  
El Piñero de la 
Cuenca  
Totales:  
74  
60  
8  
6  
 
 
"
1,"MUNICIPIOS MAS VIOLENTOS DEL 28/SEP

Homicidios Dolosos

Node
municipio NOS ombreluer| NO 4a
Tiuana 1 | = ed El Mexicano
Baja Tuna TT El Mexicano
california) Tijuana) 1) 1 ‘Sintesis TV
(8) tiuana | 1 Uniradio informa
Tiuana 1 | 1 Uniradio Informa
Chiapas | Tuxtla
() | Gutiérrez | 1 |? Et Herakio de Chiapas
wuirez | 201 1 : Diario de Chihuahua
Ichihuahua) Suarez | 1 | 1 | 5 El Diario de Chihuahua
6) duirez | 1) : El Diario de Chihuahua
guarez | 1 | - | 1 =| La Opeién de Chihuahua
ludad de
México ittacalco | 1) 1 Reforma
a
ey caima | oy | a . Colima Noticias
apuato | 4 | 4 | - | - aM
Wrapuato| 1 | 1 | 5 Periddico Correo
ten | To Peridico Correo
fcuanajuato sanFelipe| 2 | 2 | - . El Heraldo de San Luis
Potosi
(vo) oust
San Miguel ;
seni yt 1 | - - Noticias Vespertinas
‘San Miguel
Sanwiguel | ya Periédico Correo
Guerrero Chilpancingo}
oe eae 2 a : Quadratin Cuerrero
Jalisco Guadalgjara) 1) 1) Guardia Nocturna

"
2,"®) San Pedro 1 1 : : Guardia Nocturna
Hlaquepadve
Tlajomulco ""
taiomueo] gf a | - | - uarda Nocturne
suchitepee | | | la Prensa
wow [ata]. | - La Prensa
México San Marin
6) de las 2 2 - - Reforma
rinks
Tecémae [atm 1 [= [= erica Contra
Honacatlin| [1 | =| = [endo iado de México
Michoacén| Wordle | 1 | 1 | = |= [erp Marmor Mutmedios
de
campo | zamors | 2 | 2 |= = | LaVordeMichoacén
@)
moras | emitane | yy |. |. | ersotdecuemaace
werwinge | [| cuarta Plane
omaca Jouacede |G |. | a Elimparcia
‘Santa Maria) 1 : : El Pifiero de la Cuenca
atzompe
aati wee la | |-| sens
ee Debate
a ee Debate
culacin [5 | - [| - | 5 La omada
Sinaloa culain | 1) 1) Norweste
as) Culiacan 1 1 : : Noroeste
oe Café Neo Portal
elie | 1 | 1 | |= | el soldeMaatin
Merwin |) 1) || ed Solde Matin

"
3,"EL Sol de Sinaloa

Diario del Yaqui

Tabasco Hoy
El Heraldo de Tabasco

Navolato
Sonora) ca.
cajeme
i)
Tabasco | Centro
“) Teapa
Tamaulipas
Reynosa
) ”
Totales:

Hoy Tamaulipas

"
1,"MUNICIPIOS MAS VIOLENTOS DEL 29/SEP

Homicidios Dolosos

Entidad | Municipio de ‘Hombre|Mujer| No
huertos dntieado
Tijuana a 1 = = Uniradio Informa
Tijuana a 1 : Uniradio Informa
Baja Tijuana 1 1 - - Uniradio Informa
California Tijuana 1 1 = : Uniradio Informa
” Tijuana 1 1 = : Uniradio Informa
Tijuana 1 1 : : Uniradio Informa
Tijuana a 1 = = Uniradio Informa
Baja
cotter seed ribura
©
ont | pommuer} @ | 7 {of * Diario de Chiapas
Chihuahua) Dude | 1) |= |= | Biro cd ian
@ Juarez 1 - 1 - La Opcién de Chihuahua
eye 1 TPs coe
Leén 1 1 - - AM.
usr gin | a | 4 | =| = | ne verpernas
Leén 1 1 - - Pagina Central.
tein | P| Pai co
Guerre |Acapucose| gg | | igen
Hidalgo Tena de Ri
Oy eocmee | Ts? Quacratn
Guadalajara 1 - 1 - Telediario
talisco | SanPedro | 4 roe - Guardia Nocturna
iaquepaqve
a ‘San Pedro.
ramet ty |]. | cute noctma

"
2,"[Tlajomuico de

mule deg | cuar Noctma
oa 2 2 Pagina 24
Znocanoped, 1 | - Digtamor
Vea [a= overs Gado
vuapan | conan
vnuapan | 1 Ua Verde Mion
fcchiopan | 11 Sines
ceatindel | sin tinea
Morelos io
4) ‘Cuernavaca 1 : Sin Linea
Emilone
mine | Sin tinea
Wow [aire || 8 Tari
en
unas | 2 | 2 e1Ponent
m
San Pao
cous [mee a] €1 Pie de Cuoea
or | sven | €1 Pits de Cues
Mixtepec (22)
@ Xicotepec 1 : Telediario
San tl
pores | Sede | yy er beta
o
(9) can 1 1 Los Noticieristas
"
3,"dots [Vo] 1 | = |= | etsorde mazatin
Gomalcako 11) So de surest
Twos [Comat | [1 [Taso oy
Nacajuca 1 1 : : El Heraldo
Tlaxcala (Chiautempan 7 1 : : La Prensa de Tlaxcala
o
Verecria
i | ee La opinion
o
ucatin | yey
eatin | ere 1 Universal
Totals: «less

"
1,"MUNICIPIOS MAS VIOLENTOS DEL 1/OCT

Municipio

No de
Muertos

Homicidios Dolosos

Hombre|Mujer

No
Identificado|

, Mexicali | 1) 1 | - La Voz de la Frontera
Baja
con a ee 1 Uniradio Informa
wo Tiwana | 1 | 1 | - : Zeta Tijuana
Tuna | 1 | 1 | - : Zeta Tijuana
tise | tapacla | 1 | - | |) 1 | lode su
Guachochi | 1) 1 | = __|LaOpeién de Chihuahua
inane ree | 2 2 | = ElDiario de Chihuahua
ony | duarez 1 vi. zi La Opcién
Moris 33 |- : 1 Diario
Moris roa. = El Diario de Chihuahua
Ciudad de
México | Azcapotzaico| 1 | 1 | - . Reforma
o
Coahuila
de timénez | 1) 1 | . 911 Noticias
Zaragoza
o
comala | 1) | : Colima Noticias
Colima Villa de
@) ria - Colima Noticias
Alvarez
“ Durango 1 sofa - EI Siglo de Durango
cela | 1 | 1 | - : EI Sol del Bajio
Noticias del Estado de
cela 1 | 1 | - -
‘cuanajuato_ Guanajuato
(14) | celya | 1 | | - Noventa Grados
cela | 1 | 1 | - : Peridico Correo
cela | 1 | 1 | 5 Periddico Correo

"
2,"irapuato | 1 | 1 Periédico Correo
Leén ria El Sol de Leén
Leén 3 | 2 EI Sol de Leén
Leén 2/2 EI Sol de Leén
Leén ria Noticias Vespertinas
Silao de la
1 - EI Sol de Acapulco
Victoria ""pul
Acapulcode |) | “Agencia de Noticias
Juérez Guerrero
‘Acapulco de
ria EI Sol de Acapulco
Juarez ""pul
Guerrero
‘Acapulco de
o eee ri 0 el sur
‘Acapulco de
1 - ladratin
Juarez ous
Teloloapan | 3 | 3 Quadratin Guerrero
Hidalgo | Tula de
ria EI Sol de Hidalgo
a Allende %
Guadalajara 1 1 Guardia Nocturna
talisco | San Pedro
ria Telediario
(8) | Tlaquepaque
Zapopan | 1 | 1 Guardia Nocturna
Mexico | Joquicingo | 1 | 1 Quadiratin Edomex
2) | Tultepec | 1 | 1 El Sol de Toluca
Michoacan Jacona | 2 | 2 Noventa Grados
de ria Mi Morelia
Ocampo Victor Americano
) Mor ’ ' Noticias
Morelos | Tepalcingo | 1 | 1 ‘Sin Linea
(2) _fraquiltenango 1 | 1 ‘Sin Linea
‘Apodaca | 2 | 1 Telediario
Nuevo
Garcia 2 | 2 El Porvenir
teon Garcie 1 1 Info7
© arcia in
Garcia via Posta

"
3,"cava] Zico
undone | 1] ABC Noticias
undalpe | 1 | posta
Heroic Vila
Gesanas | 1 Imparcal de Ooxoce
itm
Juchitén de 1 1 El Pifiero de la Cuenca
aragna
ooraca | Zee
(5) aca de 1 : Entidad Oaxaca
6 Juarez
dan Peto
Mixtepec (22) ’ ’ El tenperciel
san Peo
Pochutla ’ ¥
oe eb
Puebla Tehuscsn | 1 Pagina Conta
Zeapontla| “3 Puebla ojo
Son us
Potosi SontuisPotesi 11 pul San Li Pots
©
culocin | Caz Notes
sinoloa | Mozatin 22 ebat
(5) Mazatlan: 1 1 El Sol de Mazatlan
Senignacs| 11 Linea Direct
Cajeme 1 1 Medios Obson
Sonora | Nogales | 1 inonogls
® ‘San Luis Rio
anise |g ribuna de Sanus
Tamaulipas Ciudad
14 Norst
o Madero
Tlaxcala a Magdalena
cela |leMegdsone) | El sold Taxes
Verses [Maines dela] |g El Piero dela Cues
dotgraco Tone

"
4,"(O}

Totales:

n

10

"
1,"MUNICIPIO MAS VIOLENTOS DEL 02/0CT

Municipio

Homicidios Dolosos

Node
Muertos

Hombre/Mujer|

\dentificado

ADM payaso) <1 1 | = =| el Hea
Bai catomia Mota ee ee
@ Tijuana 1 = = Sintesis

‘Baja California
Gre tape | Hays
o
wae [ee [| vere
chiapas [Tikes [og] [| ied ena
(10) Sunuapa 2 2 = = Diario del Sur
Tapachula a 1 : : Diario de Chiapas:
Bocoyna 1 1 = - Codigo 13
ehinsshua [A] 1 | [| ts ea
chins coun
@ Calvo Ss 5s - - La Opcién
Saucillo a 1 : : Cédigo Delicias
cede
wane” | seapstne |v] 1 || - | correne
©
Galina | etna [tee | [| aaa
” Colima 6 6 : : Diario de Colima
a oe eT
cetere [ot [1 [|| erste a
Wess del exado
cuangueto | cain fo | 1 | |_| Nein xt
0 Celaya 1 io = Periédico Correo
teen ete | ase ad
teen 1b) ae

"
2,"salamanca_[|_1 | = |= [etsorde satamanca
salamance |_8 (=| | 8 | etUnhersal
an Francisco ,
mnfrancico |p || arsorde ten
Stwodee yy |). | etsotde teen
vtctoria
Guerero | gun de :
erro | taveldele VIR [a |. | unten cure
San Pedro 1 1 : : Guardia Nocturna
Tiaquepacue
san Peo
datico 2) 2 | - | - | cua noctume
Ttoquepacue
° Tlajomulco de
womacode | yy | |. | uaa noctume
zitige
Zapopan | a | =| = | 1 | Guana Noes
ergo | Naucapon de ,
Pore elcritico
o Juarez
Michoacan deangamandaply 11 | = |= | Noventa Grados
Ocompo | Unpan | 2 | 2 |= | = | ehangoonga
(4) Uruapan 1 1 - - |Quadratin Michoacan,
Morelos ‘Cuernavaca 1 1 : : Extra de Morelos
o
civepe de
mente |p) | posta
suey Leén | Hert
“eneral 1 : 1 : EI Porvenir
® Escobedo
ontemorebs fete] > [=P Teldirio
colin de
2 | 2 | - | -  |mparcit de oncece
Morelos pa
comaca [San miguel dl ;
mace [sonminwel el Tf | Zone Roja
Pore Zone Roja
Busbia | Neatiean [1 | 1 | = |= | munis

"
3,"o
Benito Juarez | 1 - 1 Noticaribe
Quintana Roo Benito Iuérez| 1 | 1 | - Por Esto!
(4) Benito Juarez 1 1 : - Quintana Roo Hoy
(then P.Blanco 1 1 =| Sol Quintana Roo
‘San tuis Potosi San Antonio | 1 1 | ~ = [Pulso San Luis Potosi
2) SantuisPotosi| 121) = Quadratin
Culiacan 22 - EL Sol de Sinaloa
Sinaloa | Culiacin | 11 | = EL Sol de Sinaloa
) culiacan 202 Noreste
Elota to. Luz Noticias
‘Sonora
cuaymas | 1 01 | ~ | Entorno informative
o
Cardenas | 2002) : El Heroico
Tabasco El Heraldo de
Macuspana| 1) 1 -
cy i Tabasco
Tenosique | 11 | = : Tabasco Hoy
Tamaulipas i
Reynosa | 1 1 - Hoy Tamaulipas
o
Toxcata | APetatitiin de
0) a Antonio 1 1 - - EI Sol de Tlaxcala
Carvajal
Veracruz de
‘gnc de '8 ytaczoquitlén | 1 1 - - Veracruz Noticias
©
Yucatan
chemax | 1 0 = | 1 - | Diario de Yucatén
©
Zacatecas 1 : 1 : NTR Zacatecas
7 6 6) (1S

"
